{
  "loss": [
    0.7012287974357605,
    0.6252937316894531,
    0.5125619173049927,
    0.3764643371105194,
    0.2455441802740097,
    0.1648939847946167,
    0.11093761026859283,
    0.10829417407512665,
    0.09685809910297394,
    0.05795358493924141,
    0.06858532875776291,
    0.051917947828769684,
    0.04540787637233734,
    0.02496441826224327,
    0.016566937789320946,
    0.028976252302527428,
    0.02585604041814804,
    0.02071305364370346,
    0.015498504973948002,
    0.11036983877420425,
    0.02644224837422371,
    0.03863095864653587,
    0.02728860266506672,
    0.015907876193523407,
    0.011453846469521523,
    0.010324856266379356,
    0.01033222209662199,
    0.02018788829445839,
    0.012098550796508789,
    0.006607506424188614,
    0.004195215180516243
  ],
  "auc": [
    0.5937186479568481,
    0.7538860440254211,
    0.8929729461669922,
    0.9492176175117493,
    0.979527473449707,
    0.9899052381515503,
    0.9950008988380432,
    0.9921056628227234,
    0.9940487146377563,
    0.9980634450912476,
    0.9958500862121582,
    0.9973363280296326,
    0.9987517595291138,
    0.9998841881752014,
    0.9999871253967285,
    0.9996300339698792,
    0.999578595161438,
    0.9983528852462769,
    0.9999613761901855,
    0.991623044013977,
    0.9997844099998474,
    0.998845100402832,
    0.9998263716697693,
    0.9999548196792603,
    0.9999999403953552,
    1.0,
    0.999987006187439,
    0.9983658194541931,
    0.9998166561126709,
    0.9999806880950928,
    1.0
  ],
  "precision": [
    0.6112469434738159,
    0.7216035723686218,
    0.823913037776947,
    0.8832951784133911,
    0.957040548324585,
    0.9685990214347839,
    0.9741784334182739,
    0.9857142567634583,
    0.9787735939025879,
    0.9858490824699402,
    0.9882352948188782,
    0.9905437231063843,
    0.9906103014945984,
    1.0,
    0.9976580739021301,
    0.9883177280426025,
    0.988399088382721,
    0.9953380227088928,
    1.0,
    0.9926289916038513,
    0.9906976819038391,
    0.9883449673652649,
    0.9861111044883728,
    1.0,
    1.0,
    1.0,
    0.9976635575294495,
    0.9953380227088928,
    1.0,
    0.9976635575294495,
    1.0
  ],
  "recall": [
    0.5854800939559937,
    0.7587822079658508,
    0.88758784532547,
    0.9039812684059143,
    0.9391100406646729,
    0.9391100406646729,
    0.9718969464302063,
    0.9695550203323364,
    0.9718969464302063,
    0.9789227247238159,
    0.9836065769195557,
    0.9812646508216858,
    0.9882903695106506,
    0.9882903695106506,
    0.9976580739021301,
    0.9906322956085205,
    0.9976580739021301,
    1.0,
    0.9953161478042603,
    0.9461358189582825,
    0.9976580739021301,
    0.9929742217063904,
    0.9976580739021301,
    0.9929742217063904,
    1.0,
    0.9953161478042603,
    1.0,
    1.0,
    0.9953161478042603,
    1.0,
    1.0
  ],
  "accuracy": [
    0.5752212405204773,
    0.711757242679596,
    0.8369153141975403,
    0.8836915493011475,
    0.9443742036819458,
    0.9506953358650208,
    0.9709228873252869,
    0.975979745388031,
    0.9734513163566589,
    0.9810366630554199,
    0.984829306602478,
    0.984829306602478,
    0.9886220097541809,
    0.993678867816925,
    0.9974715709686279,
    0.9886220097541809,
    0.992414653301239,
    0.9974715709686279,
    0.9974715709686279,
    0.9671302437782288,
    0.993678867816925,
    0.9898862242698669,
    0.991150438785553,
    0.9962073564529419,
    1.0,
    0.9974715709686279,
    0.998735785484314,
    0.9974715709686279,
    0.9974715709686279,
    0.998735785484314,
    1.0
  ],
  "val_loss": [
    0.6598228812217712,
    0.628119945526123,
    0.590264081954956,
    0.5406811237335205,
    0.3650710880756378,
    0.2809891700744629,
    0.24948833882808685,
    0.3228432536125183,
    0.19761806726455688,
    0.10882478952407837,
    0.09936314821243286,
    0.1506921648979187,
    0.2232711911201477,
    0.23704183101654053,
    0.15856528282165527,
    0.15325334668159485,
    0.08167640119791031,
    0.11861268430948257,
    0.07274629920721054,
    0.061255618929862976,
    0.16850322484970093,
    0.1402541995048523,
    0.15734204649925232,
    0.15304981172084808,
    0.1686953902244568,
    0.18798574805259705,
    0.6025839447975159,
    0.21060575544834137,
    0.22543370723724365,
    0.24291497468948364,
    0.2607303559780121
  ],
  "val_auc": [
    0.567554235458374,
    0.8006480932235718,
    0.8954635858535767,
    0.9509016275405884,
    0.9754860401153564,
    0.9607635736465454,
    0.9662581086158752,
    0.9606931805610657,
    0.990349292755127,
    0.9946463704109192,
    0.9988729357719421,
    0.9920399785041809,
    0.9866159558296204,
    0.9918990731239319,
    0.9928852915763855,
    0.9938010573387146,
    0.9939420223236084,
    0.9888700842857361,
    0.9943646788597107,
    0.9937306642532349,
    0.9824597835540771,
    0.9931671619415283,
    0.9936602115631104,
    0.9940829277038574,
    0.9943646788597107,
    0.9945055246353149,
    0.9532262682914734,
    0.9945055246353149,
    0.9945055246353149,
    0.9945055246353149,
    0.9945055246353149
  ],
  "val_precision": [
    0.5909090638160706,
    0.6634615659713745,
    0.6222222447395325,
    0.6223776340484619,
    0.8811880946159363,
    0.8958333134651184,
    0.9195402264595032,
    0.9444444179534912,
    1.0,
    0.9340659379959106,
    1.0,
    0.9764705896377563,
    0.987500011920929,
    1.0,
    1.0,
    1.0,
    0.9888888597488403,
    1.0,
    1.0,
    1.0,
    1.0,
    0.9677419066429138,
    1.0,
    1.0,
    1.0,
    1.0,
    0.8910890817642212,
    1.0,
    1.0,
    1.0,
    1.0
  ],
  "val_recall": [
    0.2857142984867096,
    0.7582417726516724,
    0.9230769276618958,
    0.9780219793319702,
    0.9780219793319702,
    0.9450549483299255,
    0.8791208863258362,
    0.7472527623176575,
    0.8681318759918213,
    0.9340659379959106,
    0.9120879173278809,
    0.9120879173278809,
    0.8681318759918213,
    0.901098906993866,
    0.9120879173278809,
    0.901098906993866,
    0.9780219793319702,
    0.9670329689979553,
    0.9890109896659851,
    0.9890109896659851,
    0.9340659379959106,
    0.9890109896659851,
    0.9780219793319702,
    0.9890109896659851,
    0.9890109896659851,
    0.9890109896659851,
    0.9890109896659851,
    0.9890109896659851,
    0.9890109896659851,
    0.9890109896659851,
    0.9890109896659851
  ],
  "val_accuracy": [
    0.5088757276535034,
    0.6627218723297119,
    0.6568047404289246,
    0.668639063835144,
    0.9171597361564636,
    0.9112426042556763,
    0.8934911489486694,
    0.8402366638183594,
    0.9289940595626831,
    0.9289940595626831,
    0.9526627063751221,
    0.9408283829689026,
    0.9230769276618958,
    0.9467455744743347,
    0.9526627063751221,
    0.9467455744743347,
    0.9822485446929932,
    0.9822485446929932,
    0.9940828680992126,
    0.9940828680992126,
    0.9644970297813416,
    0.976331353187561,
    0.9881656765937805,
    0.9940828680992126,
    0.9940828680992126,
    0.9940828680992126,
    0.9289940595626831,
    0.9940828680992126,
    0.9940828680992126,
    0.9940828680992126,
    0.9940828680992126
  ],