{
  "v8": {
    "auroc": 0.8698148148148148,
    "accuracy": 0.54,
    "precision": 1.0,
    "recall": 0.23333333333333334,
    "f1": 0.3783783783783784,
    "brier": 0.492241210532925,
    "threshold": 0.05,
    "tn": 60,
    "fp": 0,
    "fn": 69,
    "tp": 21
  },
  "v9": {
    "auroc": 0.9577777777777778,
    "accuracy": 0.8933333333333333,
    "precision": 1.0,
    "recall": 0.8222222222222222,
    "f1": 0.9024390243902439,
    "brier": 0.18344762266741332,
    "threshold": 0.05,
    "tn": 60,
    "fp": 0,
    "fn": 16,
    "tp": 74
  },
  "v10": {
    "auroc": 1.0,
    "accuracy": 0.9933333333333333,
    "precision": 0.989010989010989,
    "recall": 1.0,
    "f1": 0.994475138121547,
    "brier": 0.04667577672320283,
    "threshold": 0.94,
    "tn": 59,
    "fp": 1,
    "fn": 0,
    "tp": 90
  }
}