Model,auroc,accuracy,precision,recall,f1,brier,threshold,tn,fp,fn,tp
v8-watch,0.8698148148148148,0.54,1.0,0.23333333333333334,0.3783783783783784,0.492241210532925,0.05,60,0,69,21
v9-watch,0.9577777777777778,0.8933333333333333,1.0,0.8222222222222222,0.9024390243902439,0.18344762266741332,0.05,60,0,16,74
