{
  "optimal_threshold": 0.5899999999999997,
  "calibration": {
    "ece": 0.3899999924942299,
    "mce": 0.55,
    "brier": 0.17538265883922577,
    "reliability": 0.16522672228412247,
    "resolution": 0.2328995578818851,
    "uncertainty": "0.2469136"
  },
  "threshold_analysis": {
    "optimal_threshold": 0.6100000000000001,
    "optimal_f1": 0.9917355371900827
  },
  "pr_auc": 0.9997244990892534,
  "subgroup_analysis": {
    "sqi": {
      "Q1 (Lowest SQI)": {
        "n": 34,
        "auroc": 1.0,
        "f1": 1.0,
        "recall": 1.0,
        "precision": 1.0
      },
      "Q2": {
        "n": 34,
        "auroc": 1.0,
        "f1": 0.9629629629629629,
        "recall": 1.0,
        "precision": 0.9285714285714286
      },
      "Q3": {
        "n": 33,
        "auroc": 1.0,
        "f1": 0.9629629629629629,
        "recall": 1.0,
        "precision": 0.9285714285714286
      },
      "Q4 (Highest SQI)": {
        "n": 34,
        "auroc": 1.0,
        "f1": 0.9696969696969697,
        "recall": 1.0,
        "precision": 0.9411764705882353
      }
    },
    "hr": {
      "<60 bpm": {
        "n": 32,
        "auroc": 1.0,
        "f1": 1.0,
        "recall": 1.0,
        "precision": 1.0
      },
      "60-100 bpm": {
        "n": 74,
        "auroc": 0.9982905982905983,
        "f1": 0.8571428571428571,
        "recall": 1.0,
        "precision": 0.75
      }
    }
  },
  "feature_importance": {
    "base_auroc": 0.9997777777777778,
    "top_10": {
      "wppg_mean_sv": {
        "mean": 0.22400000000000003,
        "std": 0.0339766077845215
      },
      "base_hr": {
        "mean": 0.17777777777777776,
        "std": 0.02073798923547951
      },
      "wppg_mean_hr_beats": {
        "mean": 0.03306666666666667,
        "std": 0.004261571031242003
      },
      "wppg_std_hr_beats": {
        "mean": 0.01208888888888886,
        "std": 0.004709014208389567
      },
      "wppg_mean_pwv": {
        "mean": 0.0014666666666666383,
        "std": 0.0005896221849521043
      },
      "wppg_std_sv": {
        "mean": 0.0009333333333332971,
        "std": 0.0006501661705923588
      },
      "wppg_std_pwv": {
        "mean": 0.0002666666666666373,
        "std": 0.00016629588385658154
      },
      "wppg_latent_contractility": {
        "mean": 0.00017777777777778782,
        "std": 8.888888888889391e-05
      },
      "wppg_latent_resistance": {
        "mean": 0.00013333333333329645,
        "std": 0.00010886621079033335
      },
      "wppg_frac_sinus": {
        "mean": 8.888888888889391e-05,
        "std": 0.00010886621079036963
      }
    }
  },
  "training_dynamics": {
    "epochs_trained": 23,
    "min_val_loss_epoch": "23",
    "min_val_loss": 0.0005586988991126418,
    "max_val_auc_epoch": "3",
    "max_val_auc": 1.0,
    "final_loss_gap": -0.025701364153064787,
    "train_loss_start": 0.7982684969902039,
    "train_loss_end": 0.02626006305217743
  },
  "robustness": {
    "clean_auroc": 0.9997777777777778,
    "noisy_aurocs": {
      "\u03c3=0.01": 0.9997777777777778,
      "\u03c3=0.02": 0.9997777777777778,
      "\u03c3=0.05": 0.9997777777777778,
      "\u03c3=0.1": 0.9997777777777778,
      "\u03c3=0.2": 0.9997777777777778,
      "\u03c3=0.5": 0.9997777777777778
    }
  },
  "cardiac_arrest_profiles": {
    "Healthy": {
      "n": 20,
      "label": 0,
      "mean_prob": 0.6621772050857544,
      "std_prob": 0.05289163067936897,
      "min_prob": 0.502147912979126,
      "max_prob": 0.7212578654289246
    },
    "VF Arrest": {
      "n": 20,
      "label": 1,
      "mean_prob": 0.6377547979354858,
      "std_prob": 0.06707514077425003,
      "min_prob": 0.4434230923652649,
      "max_prob": 0.7282825708389282
    },
    "Asystole": {
      "n": 20,
      "label": 1,
      "mean_prob": 0.6456020474433899,
      "std_prob": 0.06180331110954285,
      "min_prob": 0.4517015516757965,
      "max_prob": 0.7109749913215637
    },
    "PEA": {
      "n": 20,
      "label": 1,
      "mean_prob": 0.6426050066947937,
      "std_prob": 0.062233325093984604,
      "min_prob": 0.5246314406394958,
      "max_prob": 0.728483259677887
    },
    "Pre-Arrest": {
      "n": 20,
      "label": 1,
      "mean_prob": 0.6418367624282837,
      "std_prob": 0.06462042778730392,
      "min_prob": 0.4998816251754761,
      "max_prob": 0.7257387042045593
    },
    "Resp Failure": {
      "n": 20,
      "label": 1,
      "mean_prob": 0.6405963897705078,
      "std_prob": 0.05559363216161728,
      "min_prob": 0.5372312068939209,
      "max_prob": 0.716521143913269
    }
  },
  "confusion_matrix": {
    "tp": 60,
    "fp": 3,
    "fn": 0,
    "tn": 72
  }
}