{
  "loss": [
    1.4836329221725464,
    1.3308308124542236,
    1.2098205089569092,
    1.0283172130584717,
    0.8079575300216675,
    0.5739284753799438,
    0.43946442008018494,
    0.38047561049461365,
    0.3231958746910095,
    0.3290310800075531,
    0.31142011284828186,
    0.30002138018608093,
    0.29338064789772034,
    0.29053595662117004,
    0.3239230811595917,
    0.27789610624313354,
    0.28614309430122375,
    0.28806793689727783,
    0.24624279141426086,
    0.25589069724082947,
    0.22502271831035614,
    0.21753132343292236,
    0.21237921714782715,
    0.19437581300735474,
    0.17459319531917572,
    0.15401270985603333,
    0.11499063670635223,
    0.1281798630952835,
    0.10534878820180893,
    0.08959809690713882,
    0.09540952742099762,
    0.10479315370321274,
    0.0913684219121933,
    0.07360715419054031,
    0.07504801452159882,
    0.07144233584403992,
    0.06856255978345871,
    0.05482523515820503,
    0.05415081977844238,
    0.07084037363529205,
    0.0586300827562809,
    0.06516231596469879,
    0.06216306984424591
  ],
  "risk_output_auc": [
    0.4843961000442505,
    0.5955909490585327,
    0.709142804145813,
    0.8213701248168945,
    0.9127727150917053,
    0.9429155588150024,
    0.9670908451080322,
    0.9702727198600769,
    0.9790973663330078,
    0.9747986793518066,
    0.9779220223426819,
    0.9793766736984253,
    0.9792143106460571,
    0.9799740314483643,
    0.9779220223426819,
    0.98561692237854,
    0.9817336797714233,
    0.9845649600028992,
    0.9877662658691406,
    0.9882208108901978,
    0.9938571453094482,
    0.9926493167877197,
    0.992642879486084,
    0.9958701133728027,
    0.9965260624885559,
    0.9983181357383728,
    0.9998766183853149,
    0.9989220499992371,
    0.9997792840003967,
    1.0,
    0.9992662668228149,
    0.9996428489685059,
    0.9996753334999084,
    0.9999415278434753,
    1.0,
    1.0,
    1.0,
    1.0,
    0.9999999403953552,
    1.0,
    0.9999999403953552,
    0.9999999403953552,
    1.0
  ],
  "risk_output_loss": [
    0.7727277874946594,
    0.7029629349708557,
    0.6330058574676514,
    0.5536906719207764,
    0.4266957938671112,
    0.31042352318763733,
    0.2277422696352005,
    0.2160668671131134,
    0.17365890741348267,
    0.18854044377803802,
    0.1688050627708435,
    0.15972746908664703,
    0.16102191805839539,
    0.1516745388507843,
    0.17437440156936646,
    0.14508682489395142,
    0.15510544180870056,
    0.14461880922317505,
    0.12655508518218994,
    0.140960693359375,
    0.10128055512905121,
    0.12688608467578888,
    0.10498567670583725,
    0.08664398640394211,
    0.0783214420080185,
    0.06095857173204422,
    0.029723256826400757,
    0.04353676736354828,
    0.028823571279644966,
    0.015446588397026062,
    0.029914090409874916,
    0.02769661508500576,
    0.020691385492682457,
    0.018074654042720795,
    0.010352803394198418,
    0.011538074351847172,
    0.0052253310568630695,
    0.006117626093327999,
    0.007060455158352852,
    0.004290331155061722,
    0.005648361053317785,
    0.005123453214764595,
    0.0052763414569199085
  ],
  "severity_output_accuracy": [
    0.3513513505458832,
    0.45765766501426697,
    0.5135135054588318,
    0.6468468308448792,
    0.73153156042099,
    0.816216230392456,
    0.8396396636962891,
    0.8558558821678162,
    0.8702702522277832,
    0.8738738894462585,
    0.8810811042785645,
    0.8810811042785645,
    0.8918918967247009,
    0.8774774670600891,
    0.8702702522277832,
    0.8900901079177856,
    0.8954954743385315,
    0.8720721006393433,
    0.9099099040031433,
    0.8954954743385315,
    0.908108115196228,
    0.9171171188354492,
    0.9153153300285339,
    0.9225225448608398,
    0.931531548500061,
    0.9243243336677551,
    0.9495495557785034,
    0.9333333373069763,
    0.9495495557785034,
    0.954954981803894,
    0.9729729890823364,
    0.9513513445854187,
    0.9495495557785034,
    0.9621621370315552,
    0.9639639854431152,
    0.9639639854431152,
    0.9675675630569458,
    0.9711712002754211,
    0.9693693518638611,
    0.9711712002754211,
    0.9657657742500305,
    0.9675675630569458,
    0.9657657742500305
  ],
  "severity_output_loss": [
    1.4155545234680176,
    1.2512205839157104,
    1.1574581861495972,
    0.9441735744476318,
    0.7513545155525208,
    0.5107008814811707,
    0.4296267032623291,
    0.3498307764530182,
    0.29863646626472473,
    0.29176080226898193,
    0.2777509391307831,
    0.26678207516670227,
    0.2721829116344452,
    0.2661283016204834,
    0.29562488198280334,
    0.2664414644241333,
    0.2636929750442505,
    0.286920428276062,
    0.23136788606643677,
    0.25273293256759644,
    0.2330237776041031,
    0.23414550721645355,
    0.23164469003677368,
    0.21151095628738403,
    0.18471157550811768,
    0.18973690271377563,
    0.17261698842048645,
    0.1629159301519394,
    0.163892924785614,
    0.14769473671913147,
    0.12587104737758636,
    0.16095957159996033,
    0.14397017657756805,
    0.11784982681274414,
    0.1272137314081192,
    0.11484754085540771,
    0.1255457103252411,
    0.09491901099681854,
    0.09199168533086777,
    0.13347649574279785,
    0.10261432826519012,
    0.132429301738739,
    0.11027210205793381
  ],
  "val_loss": [
    2.345897912979126,
    1.678905725479126,
    1.4189265966415405,
    1.2847814559936523,
    1.216631531715393,
    1.1342964172363281,
    1.20927894115448,
    1.8743782043457031,
    1.6462055444717407,
    1.125430703163147,
    1.052083134651184,
    1.5349013805389404,
    0.9855475425720215,
    1.8249523639678955,
    1.4184690713882446,
    1.0059067010879517,
    0.80890953540802,
    1.1528215408325195,
    1.1782125234603882,
    1.1991230249404907,
    1.0821377038955688,
    1.1087090969085693,
    0.6560362577438354,
    0.7657802104949951,
    1.0488187074661255,
    0.8164977431297302,
    0.8938972353935242,
    1.00495183467865,
    1.0904266834259033,
    0.9434966444969177,
    0.9530072808265686,
    0.9974738955497742,
    1.0407843589782715,
    1.0365562438964844,
    1.049065351486206,
    1.0835928916931152,
    1.0575908422470093,
    1.075824499130249,
    1.0721065998077393,
    1.104784607887268,
    1.1527361869812012,
    1.1568090915679932,
    1.1625256538391113
  ],
  "val_risk_output_auc": [
    0.2020370215177536,
    0.2888888716697693,
    0.4725925922393799,
    0.6146296262741089,
    0.7792592644691467,
    0.9199999570846558,
    0.9587037563323975,
    0.9272222518920898,
    0.9594444036483765,
    0.9759259819984436,
    0.9590741395950317,
    0.916111171245575,
    0.9449999928474426,
    0.8916666507720947,
    0.9587036967277527,
    0.9470370411872864,
    0.9644444584846497,
    0.9166666269302368,
    0.9166666269302368,
    0.9166666269302368,
    0.9583333730697632,
    0.9583333730697632,
    0.9583333730697632,
    0.9583333730697632,
    0.9583333730697632,
    0.9583333730697632,
    0.9583333730697632,
    0.9583333730697632,
    0.9583333730697632,
    0.9583333730697632,
    0.9583333730697632,
    0.9583333730697632,
    0.9583333730697632,
    0.9583333730697632,
    0.9583333730697632,
    0.9583333730697632,
    0.9583333730697632,
    0.9583333730697632,
    0.9583333730697632,
    0.9583333730697632,
    0.9583333730697632,
    0.9583333730697632,
    0.9583333730697632
  ],