{
  "horizon_1h_auc": [
    0.0,
    0.0,
    0.0,
    0.0,
    0.0,
    0.0,
    0.0,
    0.0,
    0.0,
    0.0,
    0.0,
    0.0,
    0.0,
    0.0,
    0.0,
    0.0,
    0.0,
    0.0,
    0.0,
    0.0,
    0.0,
    0.0,
    0.0
  ],
  "horizon_1h_loss": [
    0.4526645839214325,
    0.29508817195892334,
    0.12941141426563263,
    0.037808746099472046,
    0.018184326589107513,
    0.02083525061607361,
    0.01286589540541172,
    0.011230068281292915,
    0.00930129736661911,
    0.013131912797689438,
    0.010365752503275871,
    0.005901160649955273,
    0.008036592043936253,
    0.004843644332140684,
    0.0039195287972688675,
    0.006853025872260332,
    0.005382044706493616,
    0.0036347066052258015,
    0.0033955350518226624,
    0.005352281033992767,
    0.004002060275524855,
    0.0035750840324908495,
    0.003939716145396233
  ],
  "horizon_24h_auc": [
    0.6000000238418579,
    0.6272597312927246,
    0.6012597680091858,
    0.6323766708374023,
    0.7260844707489014,
    0.8247532844543457,
    0.8778896331787109,
    0.9048571586608887,
    0.9342207312583923,
    0.9380000233650208,
    0.9592662453651428,
    0.9672530889511108,
    0.9652078151702881,
    0.9716362953186035,
    0.9743571281433105,
    0.9705454707145691,
    0.9745388627052307,
    0.9751882553100586,
    0.9736493825912476,
    0.979084312915802,
    0.977545440196991,
    0.9778895378112793,
    0.9819805026054382
  ],
  "horizon_24h_loss": [
    0.8441598415374756,
    0.7662936449050903,
    0.7281684279441833,
    0.724785327911377,
    0.6211979985237122,
    0.5139560699462891,
    0.4358767569065094,
    0.3728688359260559,
    0.30081382393836975,
    0.28606873750686646,
    0.24086035788059235,
    0.22036752104759216,
    0.22212451696395874,
    0.20196287333965302,
    0.1952124983072281,
    0.2132454812526703,
    0.19847416877746582,
    0.19052273035049438,
    0.1982906609773636,
    0.18939359486103058,
    0.17876063287258148,
    0.18262332677841187,
    0.16906782984733582
  ],
  "horizon_6h_auc": [
    0.0,
    0.0,
    0.0,
    0.0,
    0.0,
    0.0,
    0.0,
    0.0,
    0.0,
    0.0,
    0.0,
    0.0,
    0.0,
    0.0,
    0.0,
    0.0,
    0.0,
    0.0,
    0.0,
    0.0,
    0.0,
    0.0,
    0.0
  ],
  "horizon_6h_loss": [
    0.5782725214958191,
    0.34377598762512207,
    0.1525256633758545,
    0.05767575278878212,
    0.028121309354901314,
    0.02210724726319313,
    0.018028421327471733,
    0.011885013431310654,
    0.014166012406349182,
    0.02023155614733696,
    0.013194319792091846,
    0.009337379597127438,
    0.009555468335747719,
    0.007250087335705757,
    0.011129556223750114,
    0.008451458066701889,
    0.0077263661660254,
    0.0086965411901474,
    0.007969154044985771,
    0.008193371817469597,
    0.006834908854216337,
    0.006571736186742783,
    0.008305853232741356
  ],
  "loss": [
    2.2104196548461914,
    1.7397007942199707,
    1.3348873853683472,
    1.1253938674926758,
    0.9785226583480835,
    0.8567635416984558,
    0.7604748010635376,
    0.6920486688613892,
    0.6149913668632507,
    0.5949881672859192,
    0.542195737361908,
    0.5045201182365417,
    0.5144960284233093,
    0.480604887008667,
    0.47590190172195435,
    0.4874747693538666,
    0.46804001927375793,
    0.46238842606544495,
    0.46773165464401245,
    0.44839000701904297,
    0.4511185884475708,
    0.4476924538612366,
    0.42997705936431885
  ],
  "tier_output_accuracy": [
    0.29729729890823364,
    0.4864864945411682,
    0.5189189314842224,
    0.5045045018196106,
    0.5081080794334412,
    0.5099099278450012,
    0.5081080794334412,
    0.5495495200157166,
    0.6468468308448792,
    0.7711711525917053,
    0.8360360264778137,
    0.8468468189239502,
    0.8468468189239502,
    0.8594594597816467,
    0.8756756782531738,
    0.8882882595062256,
    0.8864864706993103,
    0.8900901079177856,
    0.8882882595062256,
    0.8990991115570068,
    0.8936936855316162,
    0.8900901079177856,
    0.8918918967247009
  ],
  "tier_output_loss": [
    1.1076120138168335,
    1.0752663612365723,
    1.0527375936508179,
    1.0378880500793457,
    1.0217713117599487,
    1.002538800239563,
    0.987250030040741,
    0.9648963212966919,
    0.9433594942092896,
    0.9257140755653381,
    0.9152565002441406,
    0.9034368991851807,
    0.894128143787384,
    0.8890019655227661,
    0.882221519947052,
    0.8834572434425354,
    0.870934784412384,
    0.8668323159217834,
    0.863512396812439,
    0.8596351146697998,
    0.8525051474571228,
    0.8508971333503723,
    0.8482635021209717
  ],
  "val_horizon_1h_auc": [
    0.5740740895271301,
    0.5620370507240295,
    0.5925925970077515,
    0.8711110949516296,
    0.9105556011199951,
    0.9507406949996948,
    0.9735185503959656,
    0.9629629850387573,
    0.971666693687439,
    0.675000011920929,
    0.5,
    0.5,
    0.5,
    0.5,
    0.5,
    0.5,
    0.5,
    0.5,
    0.5,
    0.5,
    0.5,
    0.5,
    0.5
  ],
  "val_horizon_1h_loss": [
    1.5517687797546387,
    1.4544732570648193,
    1.5645222663879395,
    1.843508005142212,
    2.1134276390075684,
    2.4144246578216553,
    2.7584280967712402,
    2.896237850189209,
    3.08651065826416,
    3.436394214630127,
    3.6871752738952637,
    3.913757562637329,
    4.111662864685059,
    4.35623025894165,
    4.523743152618408,
    4.660019874572754,
    4.835824966430664,
    4.908425331115723,
    5.016426086425781,
    5.105531692504883,
    5.200088024139404,
    5.278131484985352,
    5.364197254180908
  ],
  "val_horizon_24h_auc": [
    0.5337036848068237,
    0.5303703546524048,
    0.5518518686294556,
    0.6551852226257324,
    0.8366666436195374,
    0.938703715801239,
    0.9892592430114746,
    1.0,
    0.9992592334747314,
    0.9996296167373657,
    0.9981482028961182,
    0.9987037181854248,
    0.9972221851348877,
    0.9979629516601562,
    0.9981481432914734,
    0.9979629516601562,
    0.9979629516601562,
    0.9974074363708496,
    0.9996296167373657,
    0.9994444251060486,
    0.9994444251060486,
    0.9990741014480591,
    0.9916666746139526
  ],
  "val_horizon_24h_loss": [
    2.485457181930542,
    1.4375098943710327,
    0.92914879322052,
    0.711412787437439,
    0.5906245708465576,
    0.47359931468963623,
    0.3239508271217346,
    0.22735407948493958,
    0.1535598635673523,
    0.09510068595409393,
    0.09805770218372345,
    0.12740319967269897,
    0.12911860644817352,
    0.13739213347434998,
    0.1506747454404831,
    0.14903122186660767,
    0.15881548821926117,
    0.168740376830101,
    0.18242591619491577,
    0.2066190242767334,
    0.19819045066833496,
    0.2033722847700119,
    0.21301333606243134
  ],
  "val_horizon_6h_auc": [
    0.24611110985279083,
    0.43166664242744446,
    0.5950000286102295,
    0.8372222185134888,
    0.877036988735199,
    0.9179629683494568,
    0.9364815354347229,
    0.967962920665741,
    0.9662963151931763,
    0.9333333373069763,
    0.6416666507720947,
    0.5166666507720947,
    0.5,
    0.5,
    0.5,
    0.5,
    0.5,
    0.5,
    0.5,
    0.5,
    0.5,
    0.5,
    0.5
  ],
  "val_horizon_6h_loss": [
    0.9117302298545837,
    1.2263973951339722,
    1.3714137077331543,
    1.5249476432800293,
    1.7849152088165283,
    2.1350879669189453,
    2.483008623123169,
    2.6422832012176514,
    2.8486108779907227,
    3.2025558948516846,
    3.4710614681243896,
    3.704989433288574,
    3.9107775688171387,
    4.1612548828125,
    4.341440200805664,
    4.4841790199279785,
    4.648537635803223,
    4.718494415283203,
    4.823062419891357,
    4.906628608703613,
    4.997910976409912,
    5.070113182067871,
    5.14954948425293
  ],