{
  "accuracy": [
    0.564251184463501,
    0.7014492750167847,
    0.8444444537162781,
    0.9033816456794739,
    0.9458937048912048,
    0.9632850289344788,
    0.9768115878105164,
    0.9671497344970703,
    0.9748792052268982,
    0.9864734411239624,
    0.9787439703941345,
    0.9835748672485352,
    0.9874396324157715,
    0.9932367205619812,
    0.9787439703941345,
    0.9826086759567261,
    0.9893719553947449,
    0.9951691031455994,
    0.991304337978363,
    0.9951691031455994,
    0.9951691031455994,
    0.9980676174163818,
    0.9951691031455994,
    0.9951691031455994,
    0.991304337978363,
    0.9980676174163818,
    0.9980676174163818,
    0.9980676174163818,
    0.9990338087081909,
    0.9990338087081909,
    0.9980676174163818
  ],
  "auc": [
    0.587774395942688,
    0.7776147127151489,
    0.9042932391166687,
    0.9600770473480225,
    0.9785677790641785,
    0.9876710772514343,
    0.9942725300788879,
    0.9940845966339111,
    0.9940958619117737,
    0.9987030029296875,
    0.9966596961021423,
    0.9986146688461304,
    0.9983214735984802,
    0.9974510669708252,
    0.9950695633888245,
    0.9981353282928467,
    0.9992612600326538,
    0.9998966455459595,
    0.9982048869132996,
    0.9998720288276672,
    0.9987123608589172,
    0.9999285936355591,
    0.9986184239387512,
    0.9999003410339355,
    0.9996446371078491,
    0.9999266862869263,
    0.999823272228241,
    0.9999961853027344,
    0.9999962449073792,
    0.9999999403953552,
    0.9999567866325378
  ],
  "loss": [
    0.7010535597801208,
    0.5779344439506531,
    0.4354870319366455,
    0.29673296213150024,
    0.19696085155010223,
    0.15711934864521027,
    0.10583171248435974,
    0.10273800045251846,
    0.08955924212932587,
    0.056487634778022766,
    0.06627267599105835,
    0.05097401514649391,
    0.04698894917964935,
    0.03443747013807297,
    0.07468530535697937,
    0.05138666555285454,
    0.035023096948862076,
    0.023208703845739365,
    0.036243829876184464,
    0.02051452361047268,
    0.02492750622332096,
    0.013115106150507927,
    0.02670721709728241,
    0.016302932053804398,
    0.02264750562608242,
    0.011978340335190296,
    0.013430951163172722,
    0.010059038177132607,
    0.00935538299381733,
    0.008205628953874111,
    0.009732577949762344
  ],
  "precision": [
    0.6030246019363403,
    0.722123920917511,
    0.864716649055481,
    0.935606062412262,
    0.959854006767273,
    0.9611307382583618,
    0.989051103591919,
    0.9834558963775635,
    0.9836956262588501,
    0.9945651888847351,
    0.9838129281997681,
    0.9891892075538635,
    0.9927927851676941,
    1.0,
    0.9855595827102661,
    0.9839285612106323,
    0.9945945739746094,
    0.9982046484947205,
    0.9946140050888062,
    0.9964221715927124,
    0.9982046484947205,
    0.9982143044471741,
    0.9928951859474182,
    0.9982046484947205,
    0.9981916546821594,
    0.9982143044471741,
    0.9982143044471741,
    0.9982143044471741,
    1.0,
    0.9982174634933472,
    0.9982143044471741
  ],
  "recall": [
    0.5696428418159485,
    0.7285714149475098,
    0.8446428775787354,
    0.8821428418159485,
    0.9392856955528259,
    0.9714285731315613,
    0.9678571224212646,
    0.9553571343421936,
    0.9696428775787354,
    0.9803571701049805,
    0.9767857193946838,
    0.9803571701049805,
    0.9839285612106323,
    0.987500011920929,
    0.9750000238418579,
    0.9839285612106323,
    0.9857142567634583,
    0.9928571581840515,
    0.9892857074737549,
    0.9946428537368774,
    0.9928571581840515,
    0.9982143044471741,
    0.9982143044471741,
    0.9928571581840515,
    0.9857142567634583,
    0.9982143044471741,
    0.9982143044471741,
    0.9982143044471741,
    0.9982143044471741,
    1.0,
    0.9982143044471741
  ],
  "val_accuracy": [
    0.4761904776096344,
    0.6190476417541504,
    0.5904762148857117,
    0.7904762029647827,
    0.6952381134033203,
    0.8761904835700989,
    0.8666666746139526,
    0.9047619104385376,
    0.9523809552192688,
    0.9428571462631226,
    0.9523809552192688,
    0.9523809552192688,
    0.9523809552192688,
    0.9142857193946838,
    0.9047619104385376,
    0.9523809552192688,
    0.9047619104385376,
    0.9523809552192688,
    0.9523809552192688,
    0.9523809552192688,
    0.9523809552192688,
    0.9523809552192688,
    0.9523809552192688,
    0.9523809552192688,
    0.9523809552192688,
    0.9523809552192688,
    0.9523809552192688,
    0.9523809552192688,
    0.9523809552192688,
    0.9523809552192688,
    0.9523809552192688
  ],
  "val_auc": [
    0.5477777719497681,
    0.7072222232818604,
    0.7605555653572083,
    0.8251851797103882,
    0.818148136138916,
    0.9187037348747253,
    0.9111111164093018,
    0.960185170173645,
    0.9805555939674377,
    0.9500000476837158,
    0.9888889193534851,
    0.9518519043922424,
    0.9527778029441833,
    0.924074113368988,
    0.9564815163612366,
    0.9574074149131775,
    0.9574074149131775,
    0.9574074149131775,
    0.9583333730697632,
    0.9583333730697632,
    0.9583333730697632,
    0.9583333730697632,
    0.9583333730697632,
    0.9583333730697632,
    0.9583333730697632,
    0.9583333730697632,
    0.9583333730697632,
    0.9583333730697632,
    0.9583333730697632,
    0.9583333730697632,
    0.9583333730697632
  ],
  "val_loss": [
    0.7134565114974976,
    0.695775032043457,
    0.658271074295044,
    0.556593120098114,
    0.47509241104125977,
    0.3474857211112976,
    0.3221488296985626,
    0.2409161776304245,
    0.2200126349925995,
    0.25355061888694763,
    0.2565222680568695,
    0.2763252854347229,
    0.3064565360546112,
    0.5131069421768188,
    0.3623592257499695,
    0.31676799058914185,
    0.43643394112586975,
    0.33680880069732666,
    0.3375839591026306,
    0.3434254229068756,
    0.34748148918151855,
    0.3612118661403656,
    0.37364810705184937,
    0.3760795593261719,
    0.37517601251602173,
    0.38229605555534363,
    0.38507190346717834,
    0.3899751901626587,
    0.39639586210250854,
    0.40181049704551697,
    0.404373437166214
  ],
  "val_precision": [
    0.5925925970077515,
    0.9545454382896423,
    1.0,
    1.0,
    0.71875,
    0.9433962106704712,
    0.9259259104728699,
    1.0,
    1.0,
    0.9821428656578064,
    1.0,
    1.0,
    1.0,
    0.9322034120559692,
    1.0,
    1.0,
    1.0,
    1.0,
    1.0,
    1.0,
    1.0,
    1.0,
    1.0,
    1.0,
    1.0,
    1.0,
    1.0,
    1.0,
    1.0,
    1.0,
    1.0
  ],
  "val_recall": [
    0.2666666805744171,
    0.3499999940395355,
    0.28333333134651184,
    0.6333333253860474,
    0.7666666507720947,
    0.8333333134651184,
    0.8333333134651184,
    0.8333333134651184,
    0.9166666865348816,
    0.9166666865348816,
    0.9166666865348816,
    0.9166666865348816,
    0.9166666865348816,
    0.9166666865348816,
    0.8333333134651184,
    0.9166666865348816,
    0.8333333134651184,
    0.9166666865348816,
    0.9166666865348816,
    0.9166666865348816,
    0.9166666865348816,
    0.9166666865348816,
    0.9166666865348816,
    0.9166666865348816,
    0.9166666865348816,
    0.9166666865348816,
    0.9166666865348816,
    0.9166666865348816,
    0.9166666865348816,
    0.9166666865348816,
    0.9166666865348816
  ],