{
  "platt_A": 0.6166831851005554,
  "platt_B": 0.627776026725769,
  "temperature": 1.0999999999999994
}