{
  "accuracy": [
    0.5014285445213318,
    0.6600000262260437,
    0.7757142782211304,
    0.8285714387893677,
    0.8842856884002686,
    0.9285714030265808,
    0.9528571367263794,
    0.9485714435577393,
    0.9628571271896362,
    0.9700000286102295,
    0.9871428608894348,
    0.9828571677207947,
    0.9842857122421265,
    0.9842857122421265,
    0.9900000095367432,
    0.9800000190734863,
    0.9842857122421265,
    0.9857142567634583,
    0.9900000095367432,
    0.9900000095367432,
    0.9885714054107666,
    0.9928571581840515,
    0.9900000095367432
  ],
  "auc": [
    0.47369861602783203,
    0.7127501964569092,
    0.8794373273849487,
    0.91716468334198,
    0.9554145932197571,
    0.9818098545074463,
    0.986802339553833,
    0.9885087609291077,
    0.9945707321166992,
    0.9952647089958191,
    0.9985834360122681,
    0.9988855719566345,
    0.9982120990753174,
    0.9991999268531799,
    0.9991346597671509,
    0.997162938117981,
    0.9988284111022949,
    0.9959750175476074,
    0.9998366832733154,
    0.9990732669830322,
    0.9995265007019043,
    0.9998652338981628,
    0.999636709690094
  ],
  "loss": [
    0.7982684969902039,
    0.6288695931434631,
    0.4938177168369293,
    0.41471046209335327,
    0.3238373398780823,
    0.23137496411800385,
    0.1783493608236313,
    0.1544933021068573,
    0.11488885432481766,
    0.09923211485147476,
    0.05924892798066139,
    0.06221432238817215,
    0.058917608112096786,
    0.0479559525847435,
    0.042079683393239975,
    0.062007587403059006,
    0.04932025447487831,
    0.05852628871798515,
    0.031754013150930405,
    0.04005725309252739,
    0.03374369069933891,
    0.023475876078009605,
    0.02626006305217743
  ],
  "precision": [
    0.5142857432365417,
    0.7101449370384216,
    0.8167202472686768,
    0.8611111044883728,
    0.900293231010437,
    0.9470587968826294,
    0.9521126747131348,
    0.9491525292396545,
    0.9767441749572754,
    0.9798271059989929,
    0.9886685609817505,
    0.9830508232116699,
    0.9858356714248657,
    0.9886040091514587,
    0.994301974773407,
    0.9829545617103577,
    0.9886040091514587,
    0.9804469347000122,
    0.9971346855163574,
    0.9915013909339905,
    0.9887005686759949,
    0.9887955188751221,
    0.9915013909339905
  ],
  "recall": [
    0.2542372941970825,
    0.5536723136901855,
    0.7175140976905823,
    0.7881355881690979,
    0.8672316670417786,
    0.909604549407959,
    0.9548022747039795,
    0.9491525292396545,
    0.9491525292396545,
    0.9604519605636597,
    0.9858757257461548,
    0.9830508232116699,
    0.9830508232116699,
    0.9802259802818298,
    0.9858757257461548,
    0.9774011373519897,
    0.9802259802818298,
    0.991525411605835,
    0.9830508232116699,
    0.9887005686759949,
    0.9887005686759949,
    0.9971751570701599,
    0.9887005686759949
  ],
  "val_accuracy": [
    0.5733333230018616,
    0.8733333349227905,
    0.8133333325386047,
    0.7933333516120911,
    0.9266666769981384,
    0.9933333396911621,
    1.0,
    1.0,
    1.0,
    1.0,
    1.0,
    1.0,
    1.0,
    1.0,
    1.0,
    1.0,
    1.0,
    1.0,
    1.0,
    1.0,
    1.0,
    1.0,
    1.0
  ],
  "val_auc": [
    0.3686409890651703,
    0.9661155343055725,
    1.0,
    1.0,
    1.0,
    1.0,
    1.0,
    1.0,
    1.0,
    1.0,
    1.0,
    1.0,
    1.0,
    1.0,
    1.0,
    1.0,
    1.0,
    1.0,
    1.0,
    1.0,
    1.0,
    1.0,
    1.0
  ],
  "val_loss": [
    0.8284004330635071,
    0.5847092866897583,
    0.5138272643089294,
    0.4411105215549469,
    0.3043873608112335,
    0.17322133481502533,
    0.08355972170829773,
    0.044631388038396835,
    0.02347497269511223,
    0.013967728242278099,
    0.007816202007234097,
    0.005474491976201534,
    0.004053954500705004,
    0.003208462381735444,
    0.0026589608751237392,
    0.002302418230101466,
    0.0018121636239811778,
    0.0016723162261769176,
    0.0014633340761065483,
    0.0011355632450431585,
    0.0009416345856152475,
    0.0006547165103256702,
    0.0005586988991126418
  ],
  "val_precision": [
    0.0,
    1.0,
    0.695652186870575,
    0.6736842393875122,
    0.8533333539962769,
    0.9846153855323792,
    1.0,
    1.0,
    1.0,
    1.0,
    1.0,
    1.0,
    1.0,
    1.0,
    1.0,
    1.0,
    1.0,
    1.0,
    1.0,
    1.0,
    1.0,
    1.0,
    1.0
  ],
  "val_recall": [
    0.0,
    0.703125,
    1.0,
    1.0,
    1.0,
    1.0,
    1.0,
    1.0,
    1.0,
    1.0,
    1.0,
    1.0,
    1.0,
    1.0,
    1.0,
    1.0,
    1.0,
    1.0,
    1.0,
    1.0,
    1.0,
    1.0,
    1.0
  ],
  "learning_rate": [
    0.0003000000142492354,
    0.0003000000142492354,
    0.0003000000142492354,
    0.0003000000142492354,
    0.0003000000142492354,
    0.0003000000142492354,
    0.0003000000142492354,
    0.0003000000142492354,
    0.0003000000142492354,
    0.0003000000142492354,
    0.0003000000142492354,
    0.0003000000142492354,
    0.0003000000142492354,
    0.0003000000142492354,
    0.0003000000142492354,
    0.0003000000142492354,
    0.0003000000142492354,
    0.0003000000142492354,
    0.0003000000142492354,
    0.0003000000142492354,
    0.0003000000142492354,
    0.0003000000142492354,
    0.0003000000142492354
  ]
}